"Name","Name : Title","Name : First","Name : Middle","Name : Last","Email","Password","User Status","User Roles","Record ID"
"Hubert Liao","","Hubert","","Liao","hubert_liao@globalshine.com.tw","*********","active","Sales Reps
Factory Manager
Fabric Manager
Testing Manager","6764c6911eb78002f29e5392"
"Tina Hong","","Tina","","Hong","tina@fuze47.com","*********","active","Sales Reps
Factory Manager
Fabric Manager
Testing Manager","6764c6ad1eb78002f29e5482"
"Tandy X","","Tandy","","X","tandy@fuze47.com","*********","active","Sales Reps
Factory Manager
Fabric Manager
Testing Manager","6764c6b3b0051e031c15625d"
"Scott Pace","","Scott","","Pace","scott@fuze47.com","*********","active","Sales Reps
Sales Managers
Factory Manager
Fabric Manager
Testing Manager","6764c6ba7abfb803018e802f"
"Andrew Peterson","","Andrew","","Peterson","andrew@fuze47.com","*********","active","Sales Reps
Sales Managers
Factory Manager
Fabric Manager
Testing Manager","6764c6e1b0051e031c1562e4"
"Kaylee Pace","","Kaylee","","Pace","kaylee@fuze47.com","*********","active","Sales Reps
Sales Managers
Factory Manager
Fabric Manager
Testing Manager","6765970286eac9030267b705"
"Ryan Prince","","Ryan","","Prince","ryan.prince@fuze47.com","*********","active","Sales Reps
Factory Manager
Testing Manager
Sales Managers
Fabric Manager","68c437a30d2c2402b7636beb"
"Andrew Peterson","","Andrew","","Peterson","andrew@801inc.com","*********","active","Sales Reps
Sales Managers
Factory Manager
Fabric Manager
Testing Manager","68e4464a5740e502ca592fc8"
"Kathir Ramakrishnan","","Kathir","","Ramakrishnan","kathir@harrisandmenukchem.com","*********","active","Sales Reps
Factory Manager
Fabric Manager
Testing Manager","68e44a2474643b02d095f5b3"
